category,subcategory,ID,Description,GeneRatio,BgRatio,pvalue,p.adjust,qvalue,geneID,Count
Genetic Information Processing,Information processing in viruses,hsa03250,Viral life cycle - HIV-1,3/89,64/8541,0.0288749023450751,0.892477458409193,0.892477458409193,140564/164668/10955,3
Organismal Systems,Development and regeneration,hsa04360,Axon guidance,5/89,184/8541,0.0427410410992927,0.892477458409193,0.892477458409193,9423/10298/10512/54910/9037,5
Organismal Systems,Endocrine system,hsa03320,PPAR signaling pathway,3/89,76/8541,0.0446047943753013,0.892477458409193,0.892477458409193,51703/10062/729359,3
